Id,Movie,,Studio,Domestic Box Office,Opening Weekend Box Office,Max Theater Count
1,The Hunger Games: Catching Fire,Lionsgate,Lionsgate,"$424,668,047 ","$158,074,286 ","4,163"
2,Iron Man 3,WaltDisney,Walt Disney,"$408,992,272 ","$174,144,585 ","4,253"
3,Frozen,WaltDisney,Walt Disney,"$400,953,009 ","$243,390 ","3,742"
4,Despicable Me 2,Universal,Universal Studio,"$368,065,385 ","$84,227,980 ","4,003"
5,Man of Steel,WarnerBros.,Warner Bros.,"$291,045,518 ","$116,619,362 ","4,207"
6,Gravity,WarnerBros.,Warner Bros.,"$274,092,705 ","$55,785,112 ","3,820"
7,Monsters University,WaltDisney,Walt Disney,"$268,488,329 ","$82,429,469 ","4,004"
8,The Hobbit: The Desolation of Smaug,WarnerBros.,Warner Bros.,"$258,241,522 ","$73,645,197 ","3,928"
9,Fast and Furious 6,Universal,Universal Studio,"$238,679,850 ","$97,375,245 ","3,771"
10,Oz the Great and Powerful,WaltDisney,Walt Disney,"$234,770,996 ","$79,110,453 ","3,912"
11,Star Trek Into Darkness,Paramountâ€¦,Paramount Pictures,"$228,778,661 ","$70,165,559 ","3,907"
12,Thor: The Dark World,WaltDisney,Walt Disney,"$206,362,140 ","$85,737,841 ","3,841"
13,World War Z,Paramountâ€¦,Paramount Pictures,"$202,706,711 ","$66,411,834 ","3,607"
14,The Croods,20thCentâ€¦,20th Century,"$187,168,425 ","$43,639,736 ","4,065"
15,The Heat,20thCentâ€¦,20th Century,"$159,581,587 ","$39,115,043 ","3,184"
16,We're the Millers,WarnerBros.,Warner Bros.,"$150,394,119 ","$26,419,396 ","3,445"
17,American Hustle,SonyPictâ€¦,Sony Pictures,"$150,098,456 ","$740,455 ","2,629"
18,The Great Gatsby,WarnerBros.,Warner Bros.,"$144,840,419 ","$50,085,184 ","3,550"
19,The Conjuring,WarnerBros.,Warner Bros.,"$137,400,141 ","$41,855,326 ","3,115"
20,Identity Thief,Universal,Universal Studio,"$134,506,920 ","$34,551,025 ","3,230"
21,Grown Ups 2,SonyPictâ€¦,Sony Pictures,"$133,668,525 ","$41,508,572 ","3,491"
22,The Wolverine,20thCentâ€¦,20th Century,"$132,556,852 ","$53,113,752 ","3,924"
23,Anchorman 2: The Legend Continues,Paramountâ€¦,Paramount Pictures,"$127,413,176 ","$26,232,425 ","3,507"
24,Lone Survivor,Universal,Universal Studio,"$125,095,601 ","$90,872 ","3,285"
25,G.I. Joe: Retaliation,Paramountâ€¦,Paramount Pictures,"$122,523,060 ","$40,501,814 ","3,734"
26,Cloudy with a Chance of Meatballs 2,SonyPictâ€¦,Sony Pictures,"$119,793,567 ","$34,017,930 ","4,001"
27,Now You See Me,Lionsgate,Lionsgate,"$117,723,989 ","$29,350,389 ","3,082"
28,The Wolf of Wall Street,Paramountâ€¦,Paramount Pictures,"$116,949,183 ","$18,410,067 ","2,557"
29,Lee Daniels The Butler,Weinsteinâ€¦,Weinstein Co.,"$116,632,095 ","$24,637,312 ","3,330"
30,The Hangover 3,WarnerBros.,Warner Bros.,"$112,200,072 ","$41,671,198 ","3,565"
31,Epic,20thCentâ€¦,20th Century,"$107,518,682 ","$33,531,068 ","3,894"
32,Captain Phillips,SonyPictâ€¦,Sony Pictures,"$107,136,417 ","$25,718,314 ","3,143"
33,Jackass Presents: Bad Grandpa,Paramountâ€¦,Paramount Pictures,"$102,003,019 ","$32,055,177 ","3,345"
34,Pacific Rim,WarnerBros.,Warner Bros.,"$101,802,906 ","$37,285,325 ","3,285"
35,This is the End,SonyPictâ€¦,Sony Pictures,"$101,470,202 ","$20,719,162 ","3,055"
36,Olympus Has Fallen,FilmDistrict,Film District,"$98,927,592 ","$30,373,794 ","3,106"
37,42,WarnerBros.,Warner Bros.,"$95,020,213 ","$27,487,144 ","3,405"
38,Elysium,SonyPictâ€¦,Sony Pictures,"$93,050,117 ","$29,807,393 ","3,284"
39,Disney Planes,WaltDisney,Walt Disney,"$90,282,580 ","$22,232,291 ","3,716"
40,The Lone Ranger,WaltDisney,Walt Disney,"$89,302,115 ","$29,210,849 ","3,904"
41,Oblivion,Universal,Universal Studio,"$89,107,235 ","$37,054,485 ","3,792"
42,Insidious Chapter 2,FilmDistrict,Film District,"$83,586,447 ","$40,272,103 ","3,155"
43,Saving Mr. Banks,WaltDisney,Walt Disney,"$83,299,761 ","$413,373 ","2,671"
44,Turbo,20thCentâ€¦,20th Century,"$83,028,130 ","$21,312,625 ","3,809"
45,2 Guns,Universal,Universal Studio,"$75,612,460 ","$27,059,130 ","3,028"
46,White House Down,SonyPictâ€¦,Sony Pictures,"$73,103,784 ","$24,852,258 ","3,222"
47,Mama,Universal,Universal Studio,"$71,628,180 ","$28,402,310 ","2,781"
48,Safe Haven,Relativity,Relativity,"$71,399,120 ","$21,401,594 ","3,223"
49,The Smurfs 2,SonyPictâ€¦,Sony Pictures,"$71,017,784 ","$17,548,389 ","3,867"
50,The Best Man Holiday,Universal,Universal Studio,"$70,525,195 ","$30,107,555 ","2,041"
51,Percy Jackson: Sea of Monsters,20thCentâ€¦,20th Century,"$68,559,554 ","$14,401,054 ","3,080"
52,A Good Day to Die Hard,20thCentâ€¦,20th Century,"$67,349,198 ","$24,834,845 ","3,555"
53,Warm Bodies,Lionsgate,Lionsgate,"$66,380,662 ","$20,353,967 ","3,009"
54,Jack the Giant Slayer,WarnerBros.,Warner Bros.,"$65,187,603 ","$27,202,226 ","3,525"
55,The Purge,Universal,Universal Studio,"$64,473,115 ","$34,058,360 ","2,591"
56,Last Vegas,CBSFilms,CBS Films,"$63,914,167 ","$16,334,566 ","3,237"
57,Enders Game,Lionsgate,Lionsgate,"$61,737,191 ","$27,017,351 ","3,407"
58,Prisoners,WarnerBros.,Warner Bros.,"$61,002,302 ","$20,817,053 ","3,290"
59,After Earth,SonyPictâ€¦,Sony Pictures,"$60,522,097 ","$27,520,040 ","3,401"
60,The Secret Life of Walter Mitty,20thCentâ€¦,20th Century,"$58,236,838 ","$12,765,508 ","2,922"
61,Escape From Planet Earth,Weinsteinâ€¦,Weinstein Co.,"$57,012,977 ","$15,891,055 ","3,353"
62,12 Years a Slave,FoxSearcâ€¦,Fox Searchlight,"$56,671,993 ","$923,715 ","1,474"
63,Free Birds,Relativity,Relativity,"$55,750,480 ","$15,805,237 ","3,736"
64,Hansel & Gretel: Witch Hunters,Paramountâ€¦,Paramount Pictures,"$55,703,475 ","$19,690,956 ","3,375"
65,Evil Dead,SonyPictâ€¦,Sony Pictures,"$54,239,856 ","$25,775,847 ","3,025"
66,RED 2,Lionsgate,Lionsgate,"$53,262,560 ","$18,048,422 ","3,016"
67,Tyler Perrys A Madea Christmas,Lionsgate,Lionsgate,"$52,543,354 ","$16,007,634 ","2,194"
68,Tyler Perry's Temptation,Lionsgate,Lionsgate,"$51,975,354 ","$21,641,679 ","2,047"
69,The Call,SonyPictâ€¦,Sony Pictures,"$51,872,378 ","$17,118,745 ","2,507"
70,Pain & Gain,Paramountâ€¦,Paramount Pictures,"$49,875,291 ","$20,244,505 ","3,303"
71,Gangster Squad,WarnerBros.,Warner Bros.,"$46,000,903 ","$17,070,347 ","3,103"
72,The Internship,20thCentâ€¦,20th Century,"$44,672,764 ","$17,325,307 ","3,399"
73,No se Aceptan Devoluciones,Lionsgate,Lionsgate,"$44,467,206 ","$7,846,426 ",978
74,Snitch,Lionsgate,Lionsgate,"$42,930,462 ","$13,167,607 ","2,511"
75,Riddick,Universal,Universal Studio,"$42,025,135 ","$19,030,375 ","3,117"
76,A Haunted House,OpenRoad,Open Road,"$40,041,683 ","$18,101,682 ","2,160"
77,47 Ronin,Universal,Universal Studio,"$38,362,475 ","$9,910,310 ","2,690"
78,August: Osage County,Weinsteinâ€¦,Weinstein Co.,"$37,738,810 ","$179,302 ","2,411"
79,Philomena,Weinsteinâ€¦,Weinstein Co.,"$37,709,979 ","$128,435 ","1,225"
80,The Family,Relativity,Relativity,"$36,918,811 ","$14,034,764 ","3,091"
81,Walking with Dinosaurs,20thCentâ€¦,20th Century,"$36,076,121 ","$7,091,938 ","3,243"
82,Carrie,SonyPictâ€¦,Sony Pictures,"$35,266,619 ","$16,101,552 ","3,157"
83,Texas Chainsaw 3D,Lionsgate,Lionsgate,"$34,341,945 ","$21,744,470 ","2,659"
84,R.I.P.D.,Universal,Universal Studio,"$33,618,855 ","$12,691,415 ","2,852"
85,Blue Jasmine,SonyPictâ€¦,Sony Pictures,"$33,404,871 ","$612,064 ","1,283"
86,Kevin Hart: Let Me Explain,Lionsgate,Lionsgate,"$32,244,051 ","$10,030,463 ",892
87,Side Effects,OpenRoad,Open Road,"$32,172,757 ","$9,303,145 ","2,605"
88,Scary Movie V,Weinsteinâ€¦,Weinstein Co.,"$32,015,787 ","$14,157,367 ","3,402"
89,The Mortal Instruments: City of Bones,SonyPictâ€¦,Sony Pictures,"$31,165,421 ","$9,336,957 ","3,118"
90,Delivery Man,WaltDisney,Walt Disney,"$30,659,817 ","$7,944,977 ","3,036"
91,Grudge Match,WarnerBros.,Warner Bros.,"$29,817,991 ","$7,032,724 ","2,856"
92,One Direction: This is Us,SonyPictâ€¦,Sony Pictures,"$28,873,374 ","$15,815,497 ","2,735"
93,Kick-Ass 2,Universal,Universal Studio,"$28,795,985 ","$13,332,955 ","2,945"
94,Dallas Buyers Club,FocusFeaâ€¦,Focus Features,"$27,298,285 ","$260,865 ","1,110"
95,Rush,Universal,Universal Studio,"$26,947,624 ","$187,289 ","2,308"
96,The Host,OpenRoad,Open Road,"$26,623,701 ","$10,600,112 ","3,202"
97,The Worlds End,FocusFeaâ€¦,Focus Features,"$26,004,851 ","$8,811,790 ","1,553"
98,21 and Over,Relativity,Relativity,"$25,682,380 ","$8,754,168 ","2,771"
99,Escape Plan,Lionsgate,Lionsgate,"$25,135,965 ","$9,885,732 ","2,883"
100,Don Jon,Relativity,Relativity,"$24,477,704 ","$8,677,009 ","2,422"
101,The Incredible Burt Wonderstone,WarnerBros.,Warner Bros.,"$22,537,881 ","$10,177,257 ","3,160"
102,The Big Wedding,Lionsgate,Lionsgate,"$21,819,348 ","$7,591,663 ","2,633"
103,Mud,Roadsideâ€¦,Roadside Attractions,"$21,590,086 ","$2,215,460 ",960
104,Baggage Claim,FoxSearcâ€¦,Fox Searchlight,"$21,569,509 ","$9,031,102 ","2,030"
105,The Way Way Back,FoxSearcâ€¦,Fox Searchlight,"$21,502,690 ","$552,788 ","1,001"
106,The Book Thief,20thCentâ€¦,20th Century,"$21,488,481 ","$105,005 ","1,316"
107,The Place Beyond the Pines,FocusFeaâ€¦,Focus Features,"$21,403,519 ","$279,457 ","1,584"
108,Homefront,OpenRoad,Open Road,"$20,158,492 ","$6,915,241 ","2,570"
109,Broken City,20thCentâ€¦,20th Century,"$19,701,164 ","$8,268,908 ","2,622"
110,Beautiful Creatures,WarnerBros.,Warner Bros.,"$19,452,138 ","$7,582,595 ","2,950"
111,Runner Runner,20thCentâ€¦,20th Century,"$19,316,646 ","$7,706,712 ","3,026"
112,Youre Next,Lionsgate,Lionsgate,"$18,494,006 ","$7,020,196 ","2,437"
113,Quartet,Weinsteinâ€¦,Weinstein Co.,"$18,388,357 ","$47,122 ",725
114,Admission,FocusFeaâ€¦,Focus Features,"$18,007,317 ","$6,154,984 ","2,161"
115,Nebraska,Paramountâ€¦,Paramount Pictures,"$17,654,912 ","$140,401 ",968
116,Parker,FilmDistrict,Film District,"$17,616,641 ","$7,008,222 ","2,238"
117,Enough Said,FoxSearcâ€¦,Fox Searchlight,"$17,550,872 ","$232,800 ",835
118,Dark Skies,Weinsteinâ€¦,Weinstein Co.,"$17,418,667 ","$8,189,166 ","2,313"
119,The Counselor,20thCentâ€¦,20th Century,"$16,973,715 ","$7,842,930 ","3,044"
120,Jobs,OpenRoad,Open Road,"$16,131,410 ","$6,713,900 ","2,381"
121,Fruitvale Station,Weinsteinâ€¦,Weinstein Co.,"$16,098,998 ","$377,285 ","1,086"
122,About Time,Universal,Universal Studio,"$15,323,921 ","$1,076,250 ","1,280"
123,The Last Exorcism Part II,CBSFilms,CBS Films,"$15,179,303 ","$7,728,354 ","2,700"
124,Spring Breakers,A24,A24,"$14,124,286 ","$263,002 ","1,379"
125,Inside Llewyn Davis,CBSFilms,CBS Films,"$13,248,209 ","$405,411 ",729
126,The Last Stand,Lionsgate,Lionsgate,"$12,050,299 ","$6,281,433 ","2,913"
127,Out of the Furnace,Relativity,Relativity,"$11,330,849 ","$5,220,288 ","2,101"
128,Dead Man Down,FilmDistrict,Film District,"$10,895,295 ","$5,345,250 ","2,188"
129,Getaway,WarnerBros.,Warner Bros.,"$10,501,938 ","$4,503,892 ","2,135"
130,Bullet to the Head,WarnerBros.,Warner Bros.,"$9,489,829 ","$4,548,201 ","2,404"
131,Peeples,Lionsgate,Lionsgate,"$9,177,065 ","$4,611,534 ","2,041"
132,Battle of the Year,SonyPictâ€¦,Sony Pictures,"$8,888,355 ","$4,603,177 ","2,008"
133,Movie 43,Relativity,Relativity,"$8,840,453 ","$4,805,878 ","2,023"
134,Mandela: Long Walk to Freedom,Weinsteinâ€¦,Weinstein Co.,"$8,323,085 ","$84,283 ","1,010"
135,Before Midnight,SonyPictâ€¦,Sony Pictures,"$8,110,621 ","$246,914 ",897
136,Dhoom 3,YashRajâ€¦,Yash Raj Films,"$8,031,955 ",$0,138
137,Jerusalem,Nationalâ€¦,National Geographic Entertainment,"$8,020,721 ",$0,33
138,Machete Kills,OpenRoad,Open Road,"$8,008,161 ","$3,837,183 ","2,538"
139,Promised Land,FocusFeaâ€¦,Focus Features,"$7,597,898 ","$173,915 ","1,676"
140,Paranoia,Relativity,Relativity,"$7,388,654 ","$3,528,376 ","2,459"
141,Journey to the South Pacific,MacGillivâ€¦,MacGillivray Freeman Films,"$7,144,210 ",$0,32
142,Black Nativity,20thCentâ€¦,20th Century,"$7,018,188 ","$3,669,530 ","1,525"
143,The Spectacular Now,A24,A24,"$6,852,971 ","$197,415 ",770
144,Yi dai zong shi,Weinsteinâ€¦,Weinstein Co.,"$6,594,959 ","$132,617 ",804
145,All is Lost,Roadsideâ€¦,Roadside Attractions,"$6,263,670 ","$93,583 ",483
146,Justin Bieber's Believe,OpenRoad,Open Road,"$6,206,566 ","$2,007,567 ","1,037"
147,The Bling Ring,A24,A24,"$5,845,732 ","$214,395 ",650
148,Pulling Strings,Lionsgate,Lionsgate,"$5,842,961 ","$2,467,168 ",438
149,Closed Circuit,FocusFeaâ€¦,Focus Features,"$5,750,995 ","$2,464,931 ",870
150,Chennai Express,UTVCommuâ€¦,UTV Communications,"$5,307,960 ","$2,220,497 ",196
151,The Company You Keep,SonyPictâ€¦,Sony Pictures,"$5,132,442 ","$131,718 ",807
152,20 Feet From Stardom,RADiUS-TWC,RADiUS-TWC,"$4,946,250 ","$54,596 ",147
153,Much Ado About Nothing,Roadsideâ€¦,Roadside Attractions,"$4,328,850 ","$171,942 ",217
154,Frances Ha,IFCFilms,IFC Films,"$4,067,398 ","$137,398 ",233
155,Yeh Jawaani Hai Deewani,ErosEnteâ€¦,Eros Entertainment,"$3,827,466 ","$1,568,677 ",161
156,The To Do List,CBSFilms,CBS Films,"$3,491,669 ","$1,579,402 ",591
157,Metallica Through the Never,Picturehouse,Picturehouse,"$3,419,967 ","$1,576,561 ",589
158,Emperor,Roadsideâ€¦,Roadside Attractions,"$3,346,264 ","$1,014,099 ",311
159,Stand Up Guys,Roadsideâ€¦,Roadside Attractions,"$3,310,031 ","$1,486,390 ",670
160,The Fifth Estate,WaltDisney,Walt Disney,"$3,254,172 ","$1,673,351 ","1,769"
161,In a World...,Roadsideâ€¦,Roadside Attractions,"$2,963,271 ","$70,541 ",144
162,La grande bellezza,JanusFilms,Janus Films,"$2,883,879 ","$23,442 ",120
163,Home Run,SamuelGoâ€¦,Samuel Goldwyn Films,"$2,859,955 ","$1,582,466 ",381
164,Filly Brown,Lionsgate,Lionsgate,"$2,850,357 ","$1,478,323 ",259
165,Grace Unplugged,Roadsideâ€¦,Roadside Attractions,"$2,507,159 ","$998,145 ",511
166,The Sapphires,Weinsteinâ€¦,Weinstein Co.,"$2,450,867 ","$38,372 ",126
167,La Vie dAdÃ¨le â€“ Chapitres 1 & 2,MongrelMâ€¦,Mongrel Media,"$2,450,504 ",$0,150
168,The Gatekeepers,SonyPictâ€¦,Sony Pictures,"$2,408,553 ","$61,552 ",131
169,Im in Love with a Church Girl,HighTopâ€¦,High Top Releasing,"$2,387,730 ","$971,826 ",458
170,No,SonyPictâ€¦,Sony Pictures,"$2,341,226 ","$71,742 ",99
171,Trance,FoxSearcâ€¦,Fox Searchlight,"$2,322,593 ","$131,145 ",443
172,Renoir,SamuelGoâ€¦,Samuel Goldwyn Films,"$2,291,047 ","$65,194 ",86
173,The East,FoxSearcâ€¦,Fox Searchlight,"$2,274,649 ","$77,031 ",195
174,Oldboy,FilmDistrict,Film District,"$2,193,658 ","$885,382 ",583
175,The Saratov Approach,PurdieDiâ€¦,Purdie Distribution,"$2,146,998 ","$137,227 ",84
176,2013 Oscar Shorts,ShortsInâ€¦,Shorts International,"$2,142,342 ","$371,605 ",266
177,Austenland,SonyPictâ€¦,Sony Pictures,"$2,137,573 ","$40,662 ",274
178,Krrish 3,ErosEnteâ€¦,Eros Entertainment,"$2,123,333 ","$1,120,000 ",208
179,Blackfish,Magnoliaâ€¦,Magnolia Pictures,"$2,073,582 ","$75,962 ",99
180,The Iceman,Alchemy,Alchemy,"$1,930,282 ","$87,946 ",258
181,Lemale et hahalal,SonyPictâ€¦,Sony Pictures,"$1,774,639 ","$59,164 ",61
182,Stoker,FoxSearcâ€¦,Fox Searchlight,"$1,703,125 ","$160,547 ",275
183,Unfinished Song,Weinsteinâ€¦,Weinstein Co.,"$1,698,952 ","$25,728 ",91
184,The Christmas Candle,Echolightâ€¦,Echolight Studios,"$1,632,000 ","$68,655 ",392
185,Den skaldede frisÃ¸r,SonyPictâ€¦,Sony Pictures,"$1,631,306 ","$36,746 ",101
186,Bhaag Milkha Bhaag,Relianceâ€¦,Reliance Big Pictures,"$1,626,289 ",$0,16
187,L'attentat,CohenMedâ€¦,Cohen Media,"$1,625,707 ","$26,352 ",55
188,Seethamma Vakitlo Sirimalle Chettu,Ficus,Ficus,"$1,582,476 ","$1,301,663 ",89
189,Race 2,UTVCommuâ€¦,UTV Communications,"$1,579,940 ","$884,757 ",153
190,Bless Me Ultima,ArenasEnâ€¦,Arenas Entertainment,"$1,559,556 ","$470,109 ",263
191,Kon-Tiki,Lionsgate,Lionsgate,"$1,517,410 ","$22,168 ",75
192,Atharintiki Daaredi,SonyPictâ€¦,Sony Pictures,"$1,500,000 ","$1,500,000 ",112
193,Disconnect,MongrelMâ€¦,Mongrel Media,"$1,436,862 ","$123,597 ",180
194,Girl Most Likely,MongrelMâ€¦,Mongrel Media,"$1,378,591 ","$694,447 ",351
195,Los amantes pasajeros,SonyPictâ€¦,Sony Pictures,"$1,359,796 ","$97,328 ",99
196,Wadjda,SonyPictâ€¦,Sony Pictures,"$1,342,455 ","$41,253 ",87
197,Le passÃ©,SonyPictâ€¦,Sony Pictures,"$1,335,672 ",$0,77
198,The Ultimate Life,HighTopâ€¦,High Top Releasing,"$1,327,841 ","$659,912 ",412
199,The Kings of Summer,CBSFilms,CBS Films,"$1,315,500 ","$58,962 ",65
200,The Invisible Woman,SonyPictâ€¦,Sony Pictures,"$1,233,347 ","$37,149 ",136
201,Inequality for All,RADiUS-TWC,RADiUS-TWC,"$1,205,079 ","$140,888 ",103
202,The Lords of Salem,AnchorBaâ€¦,Anchor Bay Entertainment,"$1,165,881 ","$642,942 ",355
203,Romeo & Juliet,Relativity,Relativity,"$1,162,635 ","$520,116 ",461
204,Still Mine,MongrelMâ€¦,Mongrel Media,"$1,154,466 ",$0,41
205,Kai Po Che,UTVCommuâ€¦,UTV Communications,"$1,122,527 ","$522,765 ",110
206,Thanks for Sharing,Roadsideâ€¦,Roadside Attractions,"$1,066,256 ","$540,281 ",269
207,Special Chabbis,VivaEnteâ€¦,Viva Entertainment,"$1,065,938 ",$0,54
208,What Maisie Knew,Alchemy,Alchemy,"$1,065,000 ","$21,480 ",122
209,Phantom,RCRMediaâ€¦,RCR Media Group,"$1,034,589 ","$508,000 ","1,118"
210,Kill Your Darlings,SonyPictâ€¦,Sony Pictures,"$1,029,949 ","$53,452 ",78
211,Short Term 12,Cinedigm,Cinedigm,"$1,013,100 ","$56,206 ",75
212,Ginger & Rosa,A24,A24,"$1,012,973 ","$42,838 ",99
213,Kokuriko-zaka Kara,GKIDS,GKIDS,"$1,000,878 ",$0,48
214,Lore,MusicBoxâ€¦,Music Box Films,"$970,325 ","$31,498 ",54
215,Generation Iron,Docurama,Docurama,"$849,521 ","$245,000 ",84
216,Girl Rising,GathrFilms,Gathr Films,"$849,484 ","$81,640 ",170
217,Only God Forgives,Radius,Radius,"$775,849 ","$313,958 ",81
218,Raanjhanaa,ErosEnteâ€¦,Eros Entertainment,"$756,233 ","$414,211 ",102
219,Satyagraha,UTVCommuâ€¦,UTV Communications,"$738,525 ","$412,148 ",83
220,On the Road,IFCFilms,IFC Films,"$720,828 ","$39,550 ",107
221,Hannah Arendt,Zeitgeist,Zeitgeist,"$717,205 ","$31,270 ",21
222,56 Up,FirstRunâ€¦,First Run Features,"$701,278 ","$22,088 ",35
223,Muscle Shoals,Magnoliaâ€¦,Magnolia Pictures,"$696,241 ","$13,901 ",56
224,Jagten,MongrelMâ€¦,Mongrel Media,"$687,185 ",$0,47
225,Parkland,Exclusiveâ€¦,Exclusive Releasing,"$641,439 ","$310,246 ",257
226,Fanny,MongrelMâ€¦,Mongrel Media,"$624,000 ","$7,360 ",10
227,Walking the Camino: Six Ways to Santiago,FutureEdâ€¦,Future Educational Films,"$612,717 ",$0,11
228,To the Wonder,Magnoliaâ€¦,Magnolia Pictures,"$584,563 ","$116,551 ",60
229,Salinger,Weinsteinâ€¦,Weinstein Co.,"$583,633 ","$86,956 ",138
230,The Lost Medallion: The Adventures of Billy Stone,Freestyleâ€¦,Freestyle Releasing,"$549,632 ","$143,532 ",68
231,The Reluctant Fundamentalist,IFCFilms,IFC Films,"$528,731 ","$30,920 ",58
232,Museum Hours,CinemaGuild,Cinema Guild,"$526,804 ",$0,6
233,Scatter My Ashes at Bergdorfs,Entertainâ€¦,Entertainment One,"$516,719 ","$39,630 ",38
234,Les saveurs du Palais,MongrelMâ€¦,Mongrel Media,"$510,587 ","$63,290 ",60
235,The Inevitable Defeat of Mister and Pete,Codeblackâ€¦,Codeblack Entertainment,"$494,608 ","$254,279 ",147
236,The Act of Killing,Drafthousâ€¦,Drafthouse Films,"$486,919 ","$27,450 ",29
237,Gwansang,PanMediaâ€¦,Pan Media & Entertainment,"$484,112 ","$159,720 ",19
238,Sinsegye,WellGoUSA,Well Go USA,"$450,222 ","$129,954 ",24
239,Upstream Color,erbpFilm,erbp Film,"$444,098 ","$28,649 ",43
240,Sound City,Varianceâ€¦,Variance Films,"$422,853 ","$62,842 ",50
241,Watermark,MongrelMâ€¦,Mongrel Media,"$417,215 ",$0,16
242,Kapringen,Magnoliaâ€¦,Magnolia Pictures,"$414,437 ","$39,392 ",32
243,Aint Them Bodies Saints,IFCFilms,IFC Films,"$391,611 ","$26,419 ",44
244,Besharam,Relianceâ€¦,Reliance Big Pictures,"$388,915 ","$388,915 ",217
245,Dans la maison,CohenMedâ€¦,Cohen Media,"$388,044 ","$31,441 ",36
246,Alceste a bicyclette,MongrelMâ€¦,Mongrel Media,"$385,165 ","$33,071 ",18
247,The Armstrong Lie,SonyPictâ€¦,Sony Pictures,"$381,703 ","$30,904 ",37
248,At Any Price,SonyPictâ€¦,Sony Pictures,"$379,791 ","$16,095 ",81
249,Dirty Wars,IFCFilms,IFC Films,"$371,245 ","$63,504 ",31
250,Shootout at Wadala,ErosEnteâ€¦,Eros Entertainment,"$369,310 ",$0,89
251,Si Ren Ding Zhi,ChinaLioâ€¦,China Lion Film Distribution,"$369,225 ",$0,9
252,Hava Nagila: The Movie,Internatiâ€¦,International Film Circuit,"$368,724 ","$8,218 ",24
253,Shuddh Desi Romance,YashRajâ€¦,Yash Raj Films,"$366,000 ","$366,000 ",115
254,When Comedy Went to School,Internatiâ€¦,International Film Circuit,"$365,548 ",$0,8
255,Lovelace,Radius,Radius,"$352,755 ","$184,536 ",118
256,Mindless Behavior: All Around The World,Awesomeneâ€¦,Awesomeness TV,"$344,500 ","$344,500 ",117
257,Drinking Buddies,Magnoliaâ€¦,Magnolia Pictures,"$343,706 ","$19,505 ",33
258,Koch,Zeitgeist,Zeitgeist,"$342,941 ","$35,196 ",16
259,Diana,Entertainâ€¦,Entertainment One,"$335,360 ",$0,100
260,Not Today,Freestyleâ€¦,Freestyle Releasing,"$318,121 ","$96,347 ",41
261,The Angels' Share,IFCFilms,IFC Films,"$312,339 ","$18,837 ",38
262,Adore,Exclusiveâ€¦,Exclusive Releasing,"$302,020 ","$125,400 ",57
263,Go Goa Gone,ErosEnteâ€¦,Eros Entertainment,"$295,414 ",$0,92
264,Ernest et Celestine,MongrelMâ€¦,Mongrel Media,"$292,562 ",$0,31
265,Himmatwala,UTVCommuâ€¦,UTV Communications,"$270,880 ","$197,770 ",99
266,Rebelle,TriBecaFâ€¦,TriBeca Films,"$265,273 ","$21,837 ",16
267,Room 237,IFCFilms,IFC Films,"$263,411 ","$29,693 ",28
268,Great Expectations,MainStreet,Main Street,"$258,656 ","$88,500 ",86
269,The Attacks of 26/11,ErosEnteâ€¦,Eros Entertainment,"$248,346 ","$159,619 ",51
270,Blancanieves,CohenMedâ€¦,Cohen Media,"$236,394 ",$0,27
271,Chashme Baddoor,VivaEnteâ€¦,Viva Entertainment,"$235,401 ",$0,40
272,A Place at the Table,Magnoliaâ€¦,Magnolia Pictures,"$231,378 ","$92,257 ",35
273,InAPPropriate Comedy,Freestyleâ€¦,Freestyle Releasing,"$228,004 ","$156,414 ",275
274,Like Someone in Love,IFCFilms,IFC Films,"$222,695 ","$21,813 ",23
275,ABCD (Any Body Can Dance),UTVCommuâ€¦,UTV Communications,"$222,098 ","$95,236 ",25
276,The Summit,IFCFilms,IFC Films,"$219,346 ","$20,904 ",70
277,Arthur Newman,Cinedigm,Cinedigm,"$207,853 ","$112,788 ",248
278,Prince Avalanche,Magnoliaâ€¦,Magnolia Pictures,"$205,139 ","$36,694 ",23
279,Tu seras mon fils,CohenMedâ€¦,Cohen Media,"$203,636 ","$15,301 ",21
280,Ghanchakkar,UTVCommuâ€¦,UTV Communications,"$203,044 ","$143,616 ",89
281,No Place on Earth,Magnoliaâ€¦,Magnolia Pictures,"$200,238 ","$13,813 ",27
282,Cutie and the Boxer,Radius,Radius,"$199,274 ","$21,098 ",12
283,Crystal Fairy,IFCFilms,IFC Films,"$195,257 ","$25,052 ",20
284,Gekijoban Mahou Shojo Madoka Magica Shinpen Hanâ€¦,ElevenArts,Eleven Arts,"$190,478 ","$190,478 ",39
285,The Anonymous People,AliveMind,Alive Mind,"$187,459 ",$0,5
286,Populaire,MongrelMâ€¦,Mongrel Media,"$179,091 ",$0,21
287,The Broken Circle Breakdown,TriBecaFâ€¦,TriBeca Films,"$175,038 ","$7,075 ",34
288,Afternoon Delight,FilmArcade,Film Arcade,"$174,496 ","$27,352 ",39
289,Cinco de Mayo La Batalla,Lionsgate,Lionsgate,"$173,472 ","$83,586 ",43
290,Escape from Tomorrow,Producersâ€¦,Producers Distribution Energy,"$171,962 ","$63,297 ",30
291,Copperhead,Brainstorâ€¦,Brainstorm Media,"$171,740 ","$55,593 ",59
292,We Steal Secrets: The Story of Wikileaks,FocusFeaâ€¦,Focus Features,"$166,243 ","$27,689 ",25
293,On The Job,WellGoUSA,Well Go USA,"$161,217 ",$0,22
294,Mother of George,Oscilloscâ€¦,Oscilloscope Pictures,"$157,937 ","$22,456 ",8
295,A.C.O.D.,FilmArcade,Film Arcade,"$157,690 ","$19,001 ",42
296,Free the Mind,Internatiâ€¦,International Film Circuit,"$157,077 ","$12,215 ",6
297,LUV,Indominaâ€¦,Indomina Releasing,"$156,996 ","$83,194 ",45
298,Tian zhu ding,KinoLorber,Kino Lorber,"$154,120 ","$19,867 ",7
299,Somm,SamuelGoâ€¦,Samuel Goldwyn Films,"$153,620 ","$28,050 ",9
300,Deceptive Practice: The Mysteries and Mentors oâ€¦,KinoLorber,Kino Lorber,"$152,449 ","$13,802 ",7
301,Snake and Mongoose,RockyMouâ€¦,Rocky Mountain Pictures,"$152,223 ","$20,254 ",14
302,Syngue sabour pierre de patience,SonyPictâ€¦,Sony Pictures,"$148,408 ","$6,987 ",20
303,American Promise,RadaFilmâ€¦,Rada Film Group,"$146,702 ","$18,250 ",8
304,Narco Cultura,Cinedigm,Cinedigm,"$145,088 ","$6,093 ",46
305,John Dies at the End,MagnetPiâ€¦,Magnet Pictures,"$141,951 ","$12,467 ",19
306,Good Ol Freda,Magnoliaâ€¦,Magnolia Pictures,"$138,811 ","$6,798 ",17
307,Jeonseolui Joomeok,CJEntertâ€¦,CJ Entertainment,"$134,213 ","$49,252 ",23
308,Is the Man Who Is Tall Happy?,IFCFilms,IFC Films,"$132,409 ","$28,934 ",13
309,Free Angela & All Political Prisoners,CODEBLACKâ€¦,Codeblack Entertainment,"$129,102 ","$69,306 ",16
310,Du zhan,Varianceâ€¦,Variance Films,"$128,195 ","$5,926 ",13
311,A Band Called Death,Drafthousâ€¦,Drafthouse Films,"$127,257 ","$34,839 ",16
312,Europa Report,Magnoliaâ€¦,Magnolia Pictures,"$125,687 ","$22,243 ",12
313,Final: The Rapture,Riverrain,Riverrain,"$124,561 ","$31,884 ",4
314,The Square,NoujaimFâ€¦,Noujaim Films,"$124,244 ","$16,359 ",9
315,Fukrey,ExcelEntâ€¦,Excel Entertainment,"$124,221 ","$74,110 ",57
316,Lost and Found in Armenia,HighTopâ€¦,High Top Releasing,"$122,305 ","$49,829 ",9
317,The Punk Singer,IFCFilms,IFC Films,"$121,418 ","$24,729 ",19
318,Spark: A Burning Man Story,Paladin,Paladin,"$120,459 ","$9,366 ",8
319,Dupa dealuri,IFCFilms,IFC Films,"$117,287 ","$14,622 ",14
320,Storm Surfers 3D,XLratorMâ€¦,XLrator Media,"$117,090 ","$7,299 ",7
321,Ha-Sippur Shel Yossi,Strand,Strand,"$116,207 ","$12,287 ",8
322,Aint in It for My Health: A Film About Levon Helm,KinoLorber,Kino Lorber,"$111,794 ",$0,11
323,Marius,MongrelMâ€¦,Mongrel Media,"$111,300 ","$13,523 ",10
324,Bettie Page Reveals All,MusicBoxâ€¦,Music Box Films,"$108,118 ","$4,846 ",21
325,Augustine,MusicBoxâ€¦,Music Box Films,"$107,352 ","$13,616 ",9
326,Big Star: Nothing Can Hurt Me,Magnoliaâ€¦,Magnolia Pictures,"$105,998 ","$15,096 ",9
327,Upside Down,Alchemy,Alchemy,"$102,118 ","$28,722 ",39
328,Computer Chess,KinoLorber,Kino Lorber,"$102,041 ","$9,683 ",9
329,Shadow Dancer,Magnoliaâ€¦,Magnolia Pictures,"$100,616 ","$10,672 ",14
330,One Track Heart: The Story of Krishna Das,Zeitgeist,Zeitgeist,"$100,401 ","$11,515 ",5
331,Das letzte Schweigen,MusicBoxâ€¦,Music Box Films,"$100,214 ","$7,992 ",11
332,Spinning Plates,FilmArcade,Film Arcade,"$99,127 ","$20,528 ",6
333,Gimme the Loot,IFCFilms,IFC Films,"$99,070 ","$21,065 ",10
334,The Investigator,Gabrielsâ€¦,Gabriel's Messenger Films,"$93,690 ","$93,690 ",11
335,Blue Caprice,IFCFilms,IFC Films,"$92,336 ","$13,400 ",36
336,Somebody Up There Likes Me,TriBecaFâ€¦,TriBeca Films,"$89,435 ","$34,362 ",3
337,Settai,UTVCommuâ€¦,UTV Communications,"$87,838 ","$52,386 ",33
338,Di Renjie zhi shendu longwang (ç‹„ä»å‚‘ä¹‹ç¥žéƒ½é¾çŽ‹)â€¦,AMCIndepâ€¦,AMC Independent ,"$87,783 ",$0,12
339,Passion,Entertainâ€¦,Entertainment One,"$85,726 ","$33,545 ",14
340,Byzantium,IFCFilms,IFC Films,"$85,252 ","$16,643 ",13
341,Reality,Oscilloscâ€¦,Oscilloscope Pictures,"$83,736 ","$7,072 ",12
342,We Are What We Are,Entertainâ€¦,Entertainment One,"$81,381 ","$13,727 ",13
343,Una Noche,IFCFilms,IFC Films,"$79,813 ","$17,194 ",6
344,AprÃ¨s Mai,IFCFilms,IFC Films,"$79,568 ","$13,288 ",10
345,Stuck in Love,Alchemy,Alchemy,"$78,950 ",$0,5
346,El artista y la modelo,CohenMedâ€¦,Cohen Media,"$78,504 ","$16,937 ",5
347,More Than Honey,KinoLorber,Kino Lorber,"$78,324 ","$5,225 ",7
348,Money for Nothing: Inside the Federal Reserve,LibertySâ€¦,Liberty Street Films,"$77,619 ",$0,5
349,Leviathan,CinemaGuild,Cinema Guild,"$76,202 ","$8,900 ",1
350,No One Lives,AnchorBaâ€¦,Anchor Bay Entertainment,"$75,121 ","$47,798 ",53
351,An Oversimplification of Her Beauty,Varianceâ€¦,Variance Films,"$71,906 ","$10,055 ",4
352,Violette,MongrelMâ€¦,Mongrel Media,"$70,616 ",$0,9
353,Seasons of Gray,Echolightâ€¦,Echolight Studios,"$70,594 ","$31,953 ",24
354,Go For Sisters,Varianceâ€¦,Variance Films,"$70,495 ","$6,001 ",12
355,Maidentrip,FirstRunâ€¦,First Run Features,"$68,243 ","$1,622 ",9
356,After Tiller,Oscilloscâ€¦,Oscilloscope Pictures,"$67,414 ","$15,500 ",6
357,Pandoras Promise,Abramoramâ€¦,Abramorama Films,"$66,680 ","$22,495 ",16
358,Traviata et nous,DistribFâ€¦,Distrib Films,"$62,652 ","$5,040 ",7
359,Winnie Mandela,ImageEntâ€¦,Image Entertainment,"$61,847 ","$61,847 ",32
360,Dont Stop Believin: Everymans Journey,Cinedigm,Cinedigm,"$61,018 ","$25,573 ",26
361,Its a Disaster,Oscilloscâ€¦,Oscilloscope Pictures,"$60,818 ","$15,305 ",13
362,How I Live Now,Magnoliaâ€¦,Magnolia Pictures,"$60,360 ","$28,547 ",68
363,The English Teacher,Cinedigm,Cinedigm,"$60,166 ","$6,001 ",7
364,The Canyons,IFCFilms,IFC Films,"$59,671 ","$13,351 ",9
365,Sweet Dreams,Internatiâ€¦,International Film Circuit,"$59,403 ",$0,4
366,The Trials of Muhammad Ali,KinoLorber,Kino Lorber,"$59,081 ","$2,980 ",10
367,Boule et Bill,DistribFâ€¦,Distrib Films,"$56,224 ","$3,426 ",13
368,Terms and Conditions May Apply,Varianceâ€¦,Variance Films,"$55,824 ","$4,446 ",6
369,C.O.G.,ScreenMeâ€¦,Screen Media Films,"$55,301 ","$32,677 ",20
370,Leonie,Montereyâ€¦,Monterey Media,"$53,692 ",$291 ,11
371,Venus and Serena,Magnoliaâ€¦,Magnolia Pictures,"$51,271 ","$10,981 ",8
372,God Loves Uganda,Varianceâ€¦,Variance Films,"$51,229 ","$5,530 ",5
373,NÃ© quelque part,MongrelMâ€¦,Mongrel Media,"$49,195 ",$0,5
374,Let the Fire Burn,Zeitgeist,Zeitgeist,"$49,128 ","$5,226 ",9
375,The Perverts Guide to Ideology,Zeitgeist,Zeitgeist,"$49,072 ","$9,165 ",4
376,Un flic,RialtoPiâ€¦,Rialto Pictures,"$48,040 ",$0,1
377,LHomme qui rit,MongrelMâ€¦,Mongrel Media,"$46,704 ",$0,12
378,Jewtopia,LePetitâ€¦,Le Petit Canyon Productions,"$46,437 ","$26,371 ",16
379,Wrong,Drafthousâ€¦,Drafthouse Films,"$46,021 ","$20,424 ",19
380,Flores Raras,WolfeRelâ€¦,Wolfe Releasing,"$45,502 ","$14,573 ",4
381,American Made Movie,Varianceâ€¦,Variance Films,"$45,175 ","$1,613 ",6
382,Greedy Lying Bastards,LambertRâ€¦,Lambert Releasing,"$45,000 ","$45,000 ",50
383,My Brother the Devil,Paladin/1â€¦,Paladin,"$44,906 ","$10,305 ",4
384,The Human Scale,MongrelMâ€¦,Mongrel Media,"$42,733 ",$0,1
385,The We and the I,Paladin/1â€¦,Paladin,"$42,172 ","$10,774 ",7
386,Holla II,Rockstoneâ€¦,Rockstone Releasing,"$41,537 ","$37,444 ",6
387,Wish You Were Here,Entertainâ€¦,Entertainment One,"$41,189 ","$25,937 ",11
388,Sightseers,IFCFilms,IFC Films,"$41,039 ","$7,384 ",10
389,Aftershock,Weinsteinâ€¦,Weinstein Co.,"$40,179 ","$40,179 ",110
390,GMO OMG,Submarineâ€¦,Submarine Deluxe,"$39,901 ","$13,000 ",8
391,How to Make Money Selling Drugs,TriBecaFâ€¦,TriBeca Films,"$39,192 ","$9,202 ",5
392,Herb & Dorothy 50X50,FineLine,Fine Line,"$38,933 ","$6,157 ",8
393,Post Tenebras Lux,Strand,Strand,"$38,911 ","$4,674 ",6
394,The Short Game,Phase4Fâ€¦,Phase 4 Films,"$38,856 ","$28,434 ",20
395,Die Wand,MusicBoxâ€¦,Music Box Films,"$38,674 ","$2,188 ",4
396,Concussion,Radius,Radius,"$38,361 ","$8,216 ",25
397,Yip Man: Jung gik yat jin,WellGoUSA,Well Go USA,"$37,884 ",$0,6
398,Mumia: Long Distance Revolutionary,FirstRunâ€¦,First Run Features,"$37,731 ","$9,283 ",4
399,Rising From Ashes,FirstRunâ€¦,First Run Features,"$37,673 ",$0,5
400,Savannah,KetchupEâ€¦,Ketchup Entertainment,"$36,746 ","$17,100 ",14
401,Redemption,Roadsideâ€¦,Roadside Attractions,"$36,686 ","$19,768 ",19
402,Fire in the Blood,Internatiâ€¦,International Film Circuit,"$36,228 ",$0,4
403,Touchy Feely,Magnoliaâ€¦,Magnolia Pictures,"$36,128 ","$3,447 ",5
404,A Glimpse Inside the Mind of Charles Swan III,A24,A24,"$35,586 ",$0,18
405,M,KinoLorber,Kino Lorber,"$35,566 ","$6,123 ",3
406,Far Out Isnt Far Enough: The Tomi Ungerer Story,FirstRunâ€¦,First Run Features,"$35,431 ","$3,700 ",5
407,Camille Claudel: 1915,KinoLorber,Kino Lorber,"$35,296 ","$5,106 ",4
408,The Girl,Brainstorâ€¦,Brainstorm Media,"$35,048 ","$11,165 ",7
409,Les Salauds,MongrelMâ€¦,Mongrel Media,"$35,018 ",$0,2
410,Underdogs,Freestyleâ€¦,Freestyle Releasing,"$35,017 ","$18,722 ",4
411,I Give It a Year,Magnoliaâ€¦,Magnolia Pictures,"$34,657 ","$5,436 ",6
412,Bert Stern: Original Mad Man,FirstRunâ€¦,First Run Features,"$34,005 ","$4,691 ",6
413,Running from Crazy,Vitagraphâ€¦,Vitagraph Films,"$33,300 ","$6,822 ",4
414,Dislecksia: The Movie,Area23a,Area23a,"$33,066 ","$2,213 ",1
415,At Berkeley,Zipporah,Zipporah,"$31,736 ","$5,069 ",6
416,Berberian Sound Studio,IFCFilms,IFC Films,"$31,641 ","$6,602 ",11
417,Tai Chi Hero,WellGoUSA,Well Go USA,"$30,830 ","$12,624 ",7
418,Zaytoun,Strand,Strand,"$30,743 ",$0,9
419,The Power of Few,Steelyardâ€¦,Steelyard Pictures,"$30,444 ","$7,614 ",5
420,Long Shot: The Kevin Laue Story,Cinipix,Cinipix,"$29,863 ","$7,006 ",3
421,A Fierce Green Fire,FirstRunâ€¦,First Run Features,"$29,817 ","$1,266 ",11
422,Dead Mans Burden,Cinedigm,Cinedigm,"$29,634 ","$7,620 ",3
423,Struck By Lightning,TriBecaFâ€¦,TriBeca Films,"$28,378 ","$12,940 ",6
424,Broadway Idiot,FilmBuff,Film Buff,"$27,595 ","$5,514 ",6
425,Tiger Eyes,Freestyleâ€¦,Freestyle Releasing,"$27,160 ","$10,874 ",17
426,Maniac,IFCMidnight,IFC Midnight,"$26,826 ","$5,571 ",10
427,The Sweeney,Entertainâ€¦,Entertainment One,"$26,345 ","$20,321 ",11
428,Graceland,Drafthousâ€¦,Drafthouse Films,"$24,529 ","$13,059 ",18
429,The Citizen,Montereyâ€¦,Monterey Media,"$24,296 ",$368 ,6
430,The Last Days on Mars,Magnoliaâ€¦,Magnolia Pictures,"$24,084 ","$4,608 ",13
431,Simon Killer,IFCFilms,IFC Films,"$24,082 ","$5,054 ",5
432,Paradies: Liebe,Strand,Strand,"$23,808 ",$0,4
433,Greenwich Village: Music That Defined a Generation,KinoLorber,Kino Lorber,"$23,701 ","$5,530 ",2
434,A perdre la raison,DistribFâ€¦,Distrib Films,"$23,203 ","$5,500 ",4
435,Oxygen for the Ears: Living Jazz,IndicanPâ€¦,Indican Pictures,"$23,048 ",$0,5
436,Le Capital,CohenMedâ€¦,Cohen Media,"$22,400 ","$22,400 ",2
437,Murder Eleven,IndicanPâ€¦,Indican Pictures,"$22,107 ",$0,1
438,Hangul,Drafthousâ€¦,Drafthouse Films,"$22,080 ","$6,222 ",12
439,V/H/S 2,MagnetPiâ€¦,Magnet Pictures,"$21,833 ","$9,932 ",12
440,The ABCs of Death,Magnoliaâ€¦,Magnolia Pictures,"$21,832 ","$10,110 ",19
441,Evocateur: The Morton Downey Jr. Movie,Magnoliaâ€¦,Magnolia Pictures,"$21,652 ","$3,936 ",5
442,The Selfish Giant,IFCFilms,IFC Films,"$21,648 ","$2,589 ",6
443,Violeta se fue a los cielos,KinoLorber,Kino Lorber,"$21,496 ","$5,588 ",3
444,The Ghosts in Our Machine,GhostsMeâ€¦,Ghosts Media Inc.,"$20,709 ","$8,756 ",2
445,Viola,CinemaGuild,Cinema Guild,"$20,669 ",$0,1
446,Our Nixon,Cinedigm,Cinedigm,"$20,486 ","$6,090 ",5
447,Hunky Dory,Varianceâ€¦,Variance Films,"$20,296 ","$7,443 ",11
448,Nosotros Los Nobles,Lionsgate,Lionsgate,"$19,700 ",$0,41
449,Bad Milo,Magnoliaâ€¦,Magnolia Pictures,"$19,613 ","$4,503 ",11
450,Vous navez encore rien vu,KinoLorber,Kino Lorber,"$19,373 ","$5,343 ",3
451,Language of a Broken Heart,HouseLigâ€¦,House Lights Media,"$19,186 ",$0,2
452,Smash & Grab: The Story of the Pink Panthers,Doppelganâ€¦,Doppelganger Releasing,"$18,938 ","$4,794 ",3
453,Nostalghia,KinoLorber,Kino Lorber,"$18,846 ","$5,233 ",1
454,Bai she chuan shuo,Magnoliaâ€¦,Magnolia Pictures,"$18,759 ","$5,530 ",5
455,A Single Shot,TriBecaFâ€¦,TriBeca Films,"$18,642 ","$10,020 ",10
456,Let My People Go!,Zeitgeist,Zeitgeist,"$18,529 ","$2,236 ",3
457,Jamel Shabazz: Street Photographer,ArtistsPâ€¦,Artists Public Domain,"$17,992 ","$7,105 ",2
458,Mental,DadaFilms,Dada Films,"$17,669 ","$9,804 ",12
459,The History of Future Folk,Varianceâ€¦,Variance Films,"$17,646 ","$5,775 ",2
460,The Pardon,SelfDistâ€¦,Self Distributed,"$17,518 ","$16,100 ",8
461,Violet and Daisy,Cinedigm,Cinedigm,"$17,186 ","$9,982 ",17
462,Le Pont du Nord,TheFilmâ€¦,The Film Collaborative,"$17,110 ","$5,333 ",1
463,I Used to Be Darker,Strand,Strand,"$16,987 ","$3,533 ",3
464,Torn,TheFilmâ€¦,The Film Collaborative,"$16,772 ","$4,881 ",2
465,Love and Honor,IFCFilms,IFC Films,"$16,769 ","$2,815 ",8
466,Dealin with Idiots,IFCFilms,IFC Films,"$16,757 ",$0,2
467,Design is One,FirstRunâ€¦,First Run Features,"$16,386 ","$4,236 ",1
468,Love Marilyn,MongrelMâ€¦,Mongrel Media,"$16,164 ",$0,2
469,The Look of Love,IFCFilms,IFC Films,"$16,119 ","$5,105 ",6
470,Out of the Clear Blue Sky,Area23a,Area23a,"$16,050 ","$2,344 ",2
471,As I Lay Dying,Alchemy,Alchemy,"$15,009 ","$7,143 ",2
472,I Declare War,Drafthousâ€¦,Drafthouse Films,"$14,928 ","$8,634 ",14
473,Jayne Mansfields Car,AnchorBaâ€¦,Anchor Bay Entertainment,"$14,836 ","$9,320 ",11
474,Kiss of the Damned,Magnoliaâ€¦,Magnolia Pictures,"$14,752 ","$2,723 ",7
475,A Wedding Invitation,CJEntertâ€¦,CJ Entertainment,"$14,350 ","$3,183 ",3
476,These Birds Walk,Oscilloscâ€¦,Oscilloscope Pictures,"$14,000 ","$5,454 ",2
477,Dorfman in Love,Brainstorâ€¦,Brainstorm Media,"$13,737 ","$8,757 ",9
478,A Green Story,IndicanPâ€¦,Indican Pictures,"$12,901 ",$485 ,4
479,My Son,FlyRockMâ€¦,FlyRock Media,"$12,891 ","$9,579 ",1
480,Picture Day,ARCEnterâ€¦,ARC Entertainment,"$11,709 ",$0,1
481,Greetings from Tim Buckley,TriBecaFâ€¦,TriBeca Films,"$11,157 ",$0,3
482,Midget Zombie Takeover,DrivingWâ€¦,Driving With our Eyes Shut,"$11,006 ","$2,755 ",3
483,Diego Star,MongrelMâ€¦,Mongrel Media,"$11,000 ","$3,988 ",4
484,Shanghai Calling,StarzMedia,Starz Media,"$10,443 ","$10,443 ",4
485,Liv & Ingmar,JanusFilms,Janus Films,"$10,347 ","$5,451 ",2
486,Shepard & Dark,MusicBoxâ€¦,Music Box Films,"$10,278 ","$1,226 ",3
487,Informant,MusicBoxâ€¦,Music Box Films,"$10,068 ","$2,947 ",4
488,Red Obsession,Area23a/Fâ€¦,Area23a,"$9,939 ","$5,060 ",3
489,Birth of the Living Dead,FirstRunâ€¦,First Run Features,"$9,802 ","$1,239 ",10
490,Caucus,BonfireFâ€¦,Bonfire Films Of America,"$9,796 ",$0,2
491,Il Futuro,Strand,Strand,"$9,722 ",$0,1
492,If I Were You,KinoLorber,Kino Lorber,"$9,432 ","$3,889 ",14
493,Zero Charisma,TriBecaFâ€¦,TriBeca Films,"$9,417 ",$0,5
494,The End of Love,Varianceâ€¦,Variance Films,"$9,342 ","$1,955 ",3
495,200 Cartas,Vanguardiâ€¦,Vanguardia Films,"$9,338 ",$0,2
496,Wo 11,FirstRunâ€¦,First Run Features,"$9,213 ","$3,516 ",2
497,Ghost Team One,FilmArcade,Film Arcade,"$9,195 ","$7,345 ",15
498,Call Me Kuchu,Cinedigm,Cinedigm,"$8,941 ","$3,476 ",1
499,Elefante blanco,Strand,Strand,"$8,863 ","$5,098 ",1
500,La pirogue,ArtMattanâ€¦,Art Mattan Films,"$8,836 ",$0,1
501,Hello Herman,Freestyleâ€¦,Freestyle Releasing,"$8,437 ","$5,985 ",15
502,Downloaded,Abramoramâ€¦,Abramorama Films,"$8,377 ","$2,504 ",2
503,A Teacher,Oscilloscâ€¦,Oscilloscope Pictures,"$8,348 ","$4,000 ",6
504,Pawn Shop Chronicles,AnchorBaâ€¦,Anchor Bay Entertainment,"$8,088 ","$4,915 ",15
505,La maison de la radio,KinoLorber,Kino Lorber,"$8,060 ","$1,410 ",1
506,Nothing Left to Fear,AnchorBaâ€¦,Anchor Bay Entertainment,"$7,886 ","$7,886 ",5
507,Girls Against Boys,AnchorBaâ€¦,Anchor Bay Entertainment,"$7,529 ","$6,111 ",2
508,Assaulted: Civil Rights Under Fire,HighTopâ€¦,High Top Releasing,"$7,054 ","$4,570 ",17
509,Welcome to the Punch,IFCFilms,IFC Films,"$7,034 ","$2,736 ",9
510,The Brass Teapot,MagnetPiâ€¦,Magnet Pictures,"$6,997 ","$4,468 ",2
511,Sal,TriBecaFâ€¦,TriBeca Films,"$6,883 ","$6,750 ",2
512,Down the Shore,AnchorBaâ€¦,Anchor Bay Entertainment,"$6,558 ","$4,808 ",2
513,Some Velvet Morning,TriBecaFâ€¦,TriBeca Films,"$6,420 ",$0,6
514,100 Bloody Acres,Doppelganâ€¦,Doppelganger Releasing,"$6,388 ","$3,419 ",13
515,La proie,CohenMedâ€¦,Cohen Media,"$6,310 ","$5,889 ",5
516,In Search of Blind Joe Death: The Saga of John â€¦,FirstRunâ€¦,First Run Features,"$6,132 ","$1,119 ",2
517,Welcome to Pine Hill,Oscilloscâ€¦,Oscilloscope Pictures,"$6,115 ","$3,629 ",1
518,Rangrezz,UTVCommuâ€¦,UTV Communications,"$6,108 ","$4,318 ",11
519,The Playroom,Freestyleâ€¦,Freestyle Releasing,"$5,964 ",$0,12
520,Five Dances,Paladin,Paladin,"$5,788 ","$5,788 ",1
521,A Dark Truth,Magnoliaâ€¦,Magnolia Pictures,"$5,750 ",$630 ,3
522,People of a Feather,FirstRunâ€¦,First Run Features,"$5,677 ","$2,413 ",1
523,Do Not Disturb,MongrelMâ€¦,Mongrel Media,"$5,304 ","$1,710 ",3
524,The Time Being,TriBecaFâ€¦,TriBeca Films,"$5,274 ",$0,2
525,Bidder 70,FirstRunâ€¦,First Run Features,"$5,074 ","$2,477 ",4
526,Hell Baby,Alchemy,Alchemy,"$4,980 ","$4,980 ",10
527,Nuclear Nation,FirstRunâ€¦,First Run Features,"$4,960 ","$2,268 ",1
528,Hermans House,FirstRunâ€¦,First Run Features,"$4,956 ","$3,552 ",2
529,Supporting Characters,TriBecaFâ€¦,TriBeca Films,"$4,917 ",$0,1
530,Revelation Road 2,Freestyleâ€¦,Freestyle Releasing,"$4,871 ","$3,722 ",5
531,Big Sur,KetchupEâ€¦,Ketchup Entertainment,"$4,734 ",$0,13
532,All is Bright,AnchorBaâ€¦,Anchor Bay Entertainment,"$4,556 ","$4,556 ",10
533,Argentos Dracula 3D,IFCMidnight,IFC Midnight,"$4,556 ","$3,085 ",6
534,AhÃ­ va el diablo,Magnoliaâ€¦,Magnolia Pictures,"$4,534 ",$783 ,2
535,Paradies: Glaube,Strand,Strand,"$4,416 ",$0,2
536,Inescapable,IFCFilms,IFC Films,"$4,327 ","$1,545 ",7
537,Red Flag,TriBecaFâ€¦,TriBeca Films,"$4,150 ","$4,150 ",1
538,Rubberneck,TriBecaFâ€¦,TriBeca Films,"$4,150 ","$4,150 ",1
539,Silver Circle,HybridPiâ€¦,Hybrid Pictures,"$4,080 ","$1,314 ",1
540,The Kitchen,Montereyâ€¦,Monterey Media,"$4,054 ","$1,557 ",2
541,Morning,AnchorBaâ€¦,Anchor Bay Entertainment,"$4,029 ","$2,876 ",4
542,Things Never Said,OhioStreâ€¦,Ohio Street Pictures,"$4,000 ","$4,000 ",1
543,Mr. Nobody,Magnoliaâ€¦,Magnolia Pictures,"$3,622 ","$1,612 ",4
544,Tricked,KinoLorber,Kino Lorber,"$3,533 ","$1,930 ",1
545,Los Condenados,Strand,Strand,"$3,489 ","$2,511 ",1
546,The Happy Poet,CinemaLibre,Cinema Libre,"$3,400 ",$0,1
547,Contracted,Arclightâ€¦,Arclight Films,"$3,328 ","$3,328 ",3
548,Das Lied in mir,MongrelMâ€¦,Mongrel Media,"$3,191 ",$0,1
549,Superstar,MongrelMâ€¦,Mongrel Media,"$3,111 ",$0,1
550,Plush,IMGlobalâ€¦,IM Global,"$3,080 ","$2,843 ",10
551,Drew: The Man Behind the Poster,KinoLorber,Kino Lorber,"$3,078 ","$1,764 ",1
552,A Girl and a Gun,FirstRunâ€¦,First Run Features,"$3,018 ","$1,731 ",9
553,Which Way is the Front Line From Here? The Lifeâ€¦,MongrelMâ€¦,Mongrel Media,"$2,945 ",$0,1
554,Cornouaille,MongrelMâ€¦,Mongrel Media,"$2,847 ",$0,2
555,Pawn,AnchorBaâ€¦,Anchor Bay Entertainment,"$2,793 ","$2,137 ",1
556,What Richard Did,TriBecaFâ€¦,TriBeca Films,"$2,749 ",$0,1
557,Sparrows Dance,TriBecaFâ€¦,TriBeca Films,"$2,602 ",$0,1
558,Last Flight of the Champion,HighTopâ€¦,High Top Releasing,"$2,597 ","$1,493 ",15
559,Axe Giant: The Wrath of Paul Bunyan,CinemaPuâ€¦,Cinema Purgatorio,"$2,498 ",$775 ,3
560,Men at Lunch,FirstRunâ€¦,First Run Features,"$2,483 ","$1,530 ",1
561,The Happy House,FirstRunâ€¦,First Run Features,"$2,311 ","$1,756 ",1
562,Blood Brother,MongrelMâ€¦,Mongrel Media,"$2,254 ","$1,333 ",1
563,Cassadaga,Archstoneâ€¦,Archstone Entertainment,"$2,241 ","$1,678 ",3
564,Implanted,WalkingSâ€¦,Walking Shadows,"$2,210 ","$1,840 ",1
565,InSpectres,Reacter8â€¦,Reacter 88 Studios,"$2,207 ",$610 ,1
566,Knife Fight,IFCFilms,IFC Films,"$2,019 ",$0,2
567,Best Man Down,Magnoliaâ€¦,Magnolia Pictures,"$1,938 ",$0,1
568,La stratÃ©gie de la poussette,RialtoPiâ€¦,Rialto Pictures,"$1,799 ","$1,799 ",1
569,Detention of the Dead,AnchorBaâ€¦,Anchor Bay Entertainment,"$1,778 ","$1,332 ",2
570,You Dont Need Feet to Dance,FirstRunâ€¦,First Run Features,"$1,719 ","$1,239 ",1
571,Eddie: The Sleepwalking Cannibal,Doppelganâ€¦,Doppelganger Releasing,"$1,632 ","$1,016 ",5
572,The Package,AnchorBaâ€¦,Anchor Bay Entertainment,"$1,470 ","$1,095 ",1
573,Officer Down,AnchorBaâ€¦,Anchor Bay Entertainment,"$1,463 ","$1,061 ",1
574,La marque des anges,MongrelMâ€¦,Mongrel Media,"$1,329 ",$0,1
575,A Zombie Invasion,Afterlighâ€¦,Afterlight Pictures,"$1,170 ",$0,1
576,Sou Suo,levelFILM,level FILM,"$1,037 ",$361 ,2
577,La grande boucle,MongrelMâ€¦,Mongrel Media,$858 ,$0,1
578,I Spit on Your Grave 2,AnchorBaâ€¦,Anchor Bay Entertainment,$810 ,$441 ,1
579,Into the White,Magnoliaâ€¦,Magnolia Pictures,$704 ,$90 ,1
580,Syrup,Magnoliaâ€¦,Magnolia Pictures,$663 ,$301 ,1
581,Hammer of the Gods,MagnetPiâ€¦,Magnet Pictures,$614 ,$164 ,2
582,Triumph of the Wall,FirstRunâ€¦,First Run Features,$476 ,$430 ,1
583,Diaz: Dont Clean Up This Blood,MongrelMâ€¦,Mongrel Media,$398 ,$0,1
584,A Perfect Man,IFCFilms,IFC Films,$388 ,$388 ,2
585,Storage 24,MagnetPiâ€¦,Magnet Pictures,$72 ,$0,1
